{
    "plugins": [
        "mobi.monaca.plugins.Monaca@3.0.0"
    ],
    "framework_version": "3.5",
    "xcode_version": "7",
    "cordova_version": "6.2",
    "plugin_settings": {
        "cordova-plugin-crosswalk-webview": {
            "variables": [
                "XWALK_VERSION=18.48.477.13"
            ]
        }
    },
    "external_plugins": [
        "cordova-plugin-whitelist@1.2.2",
        "cordova-plugin-splashscreen@3.2.2",
        "cordova-custom-config@2.0.3"
    ],
    "title-ja": "",
    "title-en": "AdMob Demo",
    "description-ja": "",
    "description-en": "AdMob with Monaca Demo",
    "category": "User Template",
    "platform": [
        "android",
        "ios"
    ],
    "name": "generated-1472463020-57a96a14fd17347a49f47ed2"
}