{
   "name": "facebook-client",
   "title-ja": "Facebook Client",
   "title-en": "Facebook Client",
   "description-ja": "A sample app connecting to Facebook from Monaca by using Onsen UI and InAppBrowser.",
   "description-en": "A sample app connecting to Facebook from Monaca by using Onsen UI and InAppBrowser.",
   "category": "Sample App",
   "platform": ["ios", "android"],
   "preview_url": "https://monaca.github.io/project-templates/15-facebook-client/www/index.html",
   "framework_version": "3.5",
   "cordova_version": "5.2",
   "plugins": [
      "mobi.monaca.plugins.Monaca"
   ],
   "external_plugins": [
      "cordova-plugin-whitelist@1.0.0",
      "cordova-plugin-inappbrowser@1.0.1",
      "cordova-plugin-splashscreen@2.1.0"
   ]
}
