{
    "plugins": [
        "mobi.monaca.plugins.Monaca@3.0.0"
    ],
    "framework_version": "3.5",
    "xcode_version": "7",
    "cordova_version": "6.2",
    "plugin_settings": {
        "cordova-plugin-crosswalk-webview": {
            "variables": [
                "XWALK_VERSION=18.48.477.13"
            ]
        }
    },
    "external_plugins": [
        "cordova-plugin-whitelist@1.2.2",
        "cordova-plugin-splashscreen@3.2.2",
        "cordova-plugin-inappbrowser@1.4.0"
    ],
    "title-ja": "",
    "title-en": "Facebook Demo",
    "description-ja": "",
    "description-en": "Log into and log out of Facebook using Graph API",
    "category": "User Template",
    "platform": [
        "android",
        "ios"
    ],
    "name": "generated-1473065479-57999e0afd1734780f47a95e"
}