{
   "name": "inmobi-client",
   "title-ja": "Inmobi Client",
   "title-en": "Inmobi Client",
   "description-ja": "A sample app integrating the mobile ads network Inmobi with Monaca.",
   "description-en": "A sample app integrating the mobile ads network Inmobi with Monaca.",
   "category": "Sample App",
   "platform": ["ios", "android"],
   "preview_url": "https://monaca.github.io/project-templates/17-inmobi-client/www/index.html",
   "framework_version": "3.5",
   "cordova_version": "5.2",
   "plugins": [
      "mobi.monaca.plugins.Monaca"
   ],
   "external_plugins": [
      "cordova-plugin-whitelist@1.0.0",
      "cordova-plugin-splashscreen@2.1.0"
   ]
}
